container_id,address,city,neighborhood
1,122 E North Ave,Pittsburgh,Central Northside
2,2507 Brighton Rd,Pittsburgh,Marshall-Shadeland
3,1300 Federal St,Pittsburgh,Central Northside
4,110 Federal St,Pittsburgh,Allegheny Center
5,490 E North Ave,Pittsburgh,Central Northside
6,1501 Brighton Rd,Pittsburgh,California-Kirkbride
7,3113 Brighton Rd,Pittsburgh,Marshall-Shadeland
8,1729 Brighton Rd,Pittsburgh,California-Kirkbride
9,710 W North Ave,Pittsburgh,Allegheny Center
10,919 Fulton St,Pittsburgh,Manchester
11,3900 Perrysville Ave,Pittsburgh,Perry North
12,2515 Preble Ave,Pittsburgh,Marshall-Shadeland
13,3876 Perrysville Ave,Pittsburgh,Perry North
14,1729 Eckert Street,Pittsburgh,Marshall-Shadeland
15,2344 Perrysville Ave,Pittsburgh,Perry South
16,308 Catoma Street,Pittsburgh,Fineview
17,1438 Columbus Ave,Pittsburgh,Manchester
18,2639 Perrysville Ave,Pittsburgh,Perry South
19,910 Galveston Ave,Pittsburgh,Allegheny West
20,3957 Perrysville Ave,Pittsburgh,Perry North
21,2909 Perrysville Ave,Pittsburgh,Perry North
22,3472 Perrysville Ave,Pittsburgh,Perry North
23,1305 Allegheny Ave,Pittsburgh,Manchester
24,1414 Brighton Rd,Pittsburgh,Central Northside
25,1211 Troy Hill Rd,Pittsburgh,Troy Hill
26,2320 California Ave,Pittsburgh,Marshall-Shadeland
27,404 Cedar Avenue,Pittsburgh,East Allegheny
28,320 E North Ave,Pittsburgh,Allegheny Center
29,3461 Perrysville Ave,Pittsburgh,Perry North
30,3607 Brighton Rd,Pittsburgh,Brighton Heights
31,1814 Homer St,Pittsburgh,Spring Hill-City View
32,1819 Manhattan St,Pittsburgh,Manchester
33,3159 Shadeland Ave,Pittsburgh,Marshall-Shadeland
34,862 Spring Garden Ave,Pittsburgh,East Allegheny
35,1483 Benton Ave,Pittsburgh,Brighton Heights
36,1800 Meadville St,Pittsburgh,Fineview
37,208 Jacksonia Street,Pittsburgh,Central Northside
38,1108 Federal Street,Pittsburgh,Central Northside
39,1201 Woods Run Avenue,Pittsburgh,Marshall-Shadeland
40,416 West North Avenue,Pittsburgh,Central Northside
41,623 E Ohio St,Pittsburgh,East Allegheny
42,6 W North Ave,Pittsburgh,Allegheny Center
43,2919 California Ave,Pittsburgh,Marshall-Shadeland
44,2101 Perrysville Ave,Pittsburgh,Perry South
45,3934 Brighton Rd,Pittsburgh,Brighton Heights
46,1200 Spring Garden Ave,Pittsburgh,Spring Garden
47,924 Spring Garden Ave,Pittsburgh,East Allegheny
48,1709 Lowrie St,Pittsburgh,Troy Hill
50,1442 Lowrie St,Pittsburgh,Troy Hill
51,3302 Fleming Ave,Pittsburgh,Brighton Heights
52,2441 Perrysville Ave,Pittsburgh,Perry South
53,1034 Peralta Street,Pittsburgh,Troy Hill
54,1918 Lowrie St,Pittsburgh,Troy Hill
55,2625 Shadeland Ave,Pittsburgh,Marshall-Shadeland
56,3400 Shadeland Ave,Pittsburgh,Brighton Heights
57,1800 Lowrie St,Pittsburgh,Troy Hill
58,East Street,Pittsburgh,Perry North
59,620 E Ohio St,Pittsburgh,East Allegheny
60,600 E Ohio St,Pittsburgh,East Allegheny
62,1440 Spring Garden Ave,Pittsburgh,Spring Garden
63,3572 Brighton Rd,Pittsburgh,Brighton Heights
64,848 E Ohio St,Pittsburgh,East Allegheny
65,3152 Brighton Rd,Pittsburgh,Marshall-Shadeland
66,3141 Brighton Rd,Pittsburgh,Marshall-Shadeland
67,3878 Brighton Rd,Pittsburgh,Brighton Heights
68,3801 Brighton Rd,Pittsburgh,Brighton Heights
69,1351 Damas Street,Pittsburgh,Spring Hill-City View
70,2703 Brighton Rd,Pittsburgh,Marshall-Shadeland
71,705 Brighton Rd,Pittsburgh,Allegheny West
73,632 E Ohio St,Pittsburgh,East Allegheny
74,1620 Spring Garden Ave,Pittsburgh,Spring Garden
75,863 Peralta Street,Pittsburgh,East Allegheny
76,2403 Perrysville Ave,Pittsburgh,Perry South
77,1246 Brighton Rd,Pittsburgh,Central Northside
78,2723 Brighton Rd,Pittsburgh,Marshall-Shadeland
80,1300 Federal St,Pittsburgh,Central Northside
81,500 Cedar Avenue,Pittsburgh,East Allegheny
82,2117 Lowrie St,Pittsburgh,Troy Hill
83,401 W Commons St,Pittsburgh,Allegheny Center
85,402 Catoma Street,Pittsburgh,Fineview
86,1619 Manhattan St,Pittsburgh,Manchester
87,2515 Preble Ave,Pittsburgh,Marshall-Shadeland
88,4000 Brighton Rd,Pittsburgh,Brighton Heights
89,3414 East Street,Pittsburgh,Northview Heights
90,3244 Brighton Rd,Pittsburgh,Marshall-Shadeland
91,3202 Brighton Road,Pittsburgh,Marshall-Shadeland
92,1603 Beaver Avenue,Pittsburgh,Chateau
93,3243 Brighton Rd,Pittsburgh,Marshall-Shadeland
94,632 E Ohio St,Pittsburgh,East Allegheny
95,1845 Ley St,Pittsburgh,Troy Hill
96,1320 Troy Hill Rd,Pittsburgh,Troy Hill
97,1413 Troy Hill Rd,Pittsburgh,Troy Hill
98,1310 Benton Ave,Pittsburgh,Brighton Heights
99,1612 Lowrie St,Pittsburgh,Troy Hill
100,862 Western Ave,Pittsburgh,Allegheny West
101,857 Western Ave,Pittsburgh,Allegheny West
102,900 Western Ave,Pittsburgh,Allegheny West
103,818 Western Ave,Pittsburgh,Allegheny West
105,540 E Ohio St,Pittsburgh,East Allegheny
107,528 E Ohio St,Pittsburgh,East Allegheny
108,902 Fifth Avenue,Pittsburgh,Bluff
109,1208 Fifth Avenue,Pittsburgh,Bluff
110,1000 Fifth Avenue,Pittsburgh,Bluff
112,537 Suismon Street,Pittsburgh,East Allegheny
115,624 Cedar Ave,Pittsburgh,East Allegheny
116,3573 Shadeland Ave,Pittsburgh,Brighton Heights
117,3301 Brighton Rd,Pittsburgh,Brighton Heights
118,600 W North Ave,Pittsburgh,Allegheny Center
119,613 E Ohio St,Pittsburgh,East Allegheny
121,5201 Penn Avenue,Pittsburgh,Garfield
122,2940 Arlington Ave,Pittsburgh,Arlington
123,130 Saline Street,Pittsburgh,Greenfield
125,6325 Penn Avenue,Pittsburgh,East Liberty
126,1820 Morningside Avenue,Pittsburgh,Morningside
127,405 Saint Joseph Street,Pittsburgh,Mt. Oliver
128,2635 Brownsville Rd,Pittsburgh,Carrick
129,6101 Penn Avenue,Pittsburgh,East Liberty
130,517 Greenfield Ave,Pittsburgh,Greenfield
132,4041 Boulevard Drive,Pittsburgh,Greenfield
133,6135 Penn Avenue,Pittsburgh,East Liberty
134,6244 Penn Avenue,Pittsburgh,East Liberty
136,1616 Broadway Ave,Pittsburgh,Beechview
137,7103 Reynolds Street,Pittsburgh,Point Breeze
138,1304 Fifth Avenue,Pittsburgh,Central Business District
139,6024 Penn Avenue,Pittsburgh,East Liberty
141,1402 Fifth Avenue,Pittsburgh,Bluff
143,1616 Broadway Ave,Pittsburgh,Beechview
145,6361 Penn Avenue,Pittsburgh,Shadyside
146,5231 Centre Ave,Pittsburgh,Bloomfield
147,620 Brookline Blvd,Pittsburgh,Brookline
148,5300 Penn Avenue,Pittsburgh,Garfield
149,221 South Highland Avenue,Pittsburgh,Shadyside
150,216 South Highland Avenue,Pittsburgh,Shadyside
151,232 South Highland Avenue,Pittsburgh,Shadyside
152,542 Brookline Blvd,Pittsburgh,Brookline
153,3360 Fifth Avenue,Pittsburgh,South Oakland
156,1276 Benton Ave,Pittsburgh,Brighton Heights
157,238 Spahr Street,Pittsburgh,Shadyside
158,1210 Mellon Street,Pittsburgh,Highland Park
159,5800 Bryant Street,Pittsburgh,Highland Park
161,910 Fifth Avenue,Pittsburgh,Central Business District
163,3518 Brighton Rd,Pittsburgh,Brighton Heights
164,1046 Fifth Avenue,Pittsburgh,Bluff
166,2305 East Carson Street,Pittsburgh,South Side Flats
167,1815 North Charles Street,Pittsburgh,Perry South
168,3507 California Ave,Pittsburgh,Brighton Heights
169,635 E Warrington Ave,Pittsburgh,Allentown
170,2100 East Carson Street,Pittsburgh,South Side Flats
171,2003 Arlington Ave,Pittsburgh,South Side Slopes
172,2000 East Carson Street,Pittsburgh,South Side Flats
173,1409 East Carson Street,Pittsburgh,South Side Flats
174,1831 East Carson Street,Pittsburgh,South Side Flats
175,511 East Carson Street,Pittsburgh,South Side Flats
176,13 Wabash St,Pittsburgh,West End
177,1101 Brookline Blvd,Pittsburgh,Brookline
178,128 Knox Ave,Pittsburgh,Knoxville
179,2135 Brownsville Rd,Pittsburgh,Carrick
180,1503 Brownsville Rd,Pittsburgh,Carrick
181,128 S 18th St,Pittsburgh,South Side Flats
182,2601 Brownsville Rd,Pittsburgh,Carrick
183,1150 Brownsville Rd,Pittsburgh,Carrick
184,2806 Brownsville Rd,Pittsburgh,Carrick
186,1900 W Liberty Ave,Pittsburgh,Brookline
188,2626 Brownsville Rd,Pittsburgh,Carrick
190,2361 Brownsville Rd,Pittsburgh,Carrick
191,2727 Brownsville Rd,Pittsburgh,Carrick
192,1401 East Carson Street,Pittsburgh,South Side Flats
193,2700 Pioneer Ave,Pittsburgh,Brookline
194,106 S 18th St,Pittsburgh,South Side Flats
195,400 Cherry Way,Pittsburgh,Central Business District
196,2320 Arlington Ave,Pittsburgh,Arlington
197,1417 East Carson Street,Pittsburgh,South Side Flats
200,2300 East Carson Street,Pittsburgh,South Side Flats
201,1039 Brookline Blvd,Pittsburgh,Brookline
202,1914 Brownsville Rd,Pittsburgh,Carrick
203,1802 Brownsville Rd,Pittsburgh,Carrick
204,2022 Brownsville Rd,Pittsburgh,Carrick
206,1707 Arlington Ave,Pittsburgh,South Side Slopes
207,1501 East Carson Street,Pittsburgh,South Side Flats
208,2401 East Carson Street,Pittsburgh,South Side Flats
209,1800 Pioneer Ave,Pittsburgh,Brookline
210,1300 Breining Street,Pittsburgh,Brookline
211,2801 S 18th St,Pittsburgh,South Side Slopes
212,1117 East Carson Street,Pittsburgh,South Side Flats
213,570 E Warrington Ave,Pittsburgh,Beltzhoover
214,911 East Carson Street,Pittsburgh,South Side Flats
215,1222 Arlington Ave,Pittsburgh,Allentown
216,2001 East Carson Street,Pittsburgh,South Side Flats
217,2340 East Carson Street,Pittsburgh,South Side Flats
218,1324 East Carson Street,Pittsburgh,South Side Flats
219,300 Brownsville Rd,Pittsburgh,Knoxville
220,1100 Brownsville Rd,Pittsburgh,Carrick
221,2508 Brownsville Road,Pittsburgh,Carrick
222,2317 Arlington Ave,Pittsburgh,South Side Slopes
223,1633 Brownsville Rd,Pittsburgh,Carrick
224,1230 Arlington Ave,Pittsburgh,Allentown
225,2535 North Charles Street,Pittsburgh,Perry South
226,1201 East Carson Street,Pittsburgh,South Side Flats
227,601 Brownsville Rd,Pittsburgh,Knoxville
228,120 Beltzhoover Ave,Pittsburgh,Beltzhoover
229,1820 East Carson Street,Pittsburgh,South Side Flats
230,1301 East Carson Street,Pittsburgh,South Side Flats
232,2130 East Carson Street,Pittsburgh,South Side Flats
233,1800 East Carson Street,Pittsburgh,South Side Flats
234,2400 Arlington Avenue,Pittsburgh,Arlington
235,300 Beltzhoover Avenue,Pittsburgh,Beltzhoover
236,54 South 13th Street,Pittsburgh,South Side Flats
237,2439 Brownsville Rd,Pittsburgh,Carrick
238,3801 Brighton Rd,Pittsburgh,Brighton Heights
239,929 Western Ave,Pittsburgh,Allegheny West
240,5230 Penn Avenue,Pittsburgh,Bloomfield
241,4801 Centre Ave,Pittsburgh,Shadyside
242,5173 Penn Avenue,Pittsburgh,Bloomfield
244,5854 Ellsworth Avenue,Pittsburgh,Shadyside
245,1018 W North Ave,Pittsburgh,Manchester
246,920 Western Ave,Pittsburgh,Allegheny West
247,947 Western Ave,Pittsburgh,Allegheny West
248,3639 California Ave,Pittsburgh,Brighton Heights
249,3800 Brighton Rd,Pittsburgh,Brighton Heights
250,806 Western Ave,Pittsburgh,Allegheny West
251,820 Western Ave,Pittsburgh,Allegheny West
252,427 E Ohio St,Pittsburgh,East Allegheny
253,948 Western Ave,Pittsburgh,Allegheny West
254,607 E Ohio St,Pittsburgh,East Allegheny
255,1549 Lowrie St,Pittsburgh,Troy Hill
256,1706 Lowrie St,Pittsburgh,Troy Hill
257,510 E Ohio St,Pittsburgh,East Allegheny
258,502 E Ohio St,Pittsburgh,East Allegheny
259,1614 Lowrie St,Pittsburgh,Troy Hill
260,402 East Ohio Street,Pittsburgh,East Allegheny
261,519 E Ohio St,Pittsburgh,East Allegheny
262,507 E Ohio St,Pittsburgh,East Allegheny
263,1619 Lowrie St,Pittsburgh,Troy Hill
264,426 E Ohio St,Pittsburgh,East Allegheny
265,3615 California Ave,Pittsburgh,Brighton Heights
266,3645 California Ave,Pittsburgh,Brighton Heights
267,3713 Brighton Rd,Pittsburgh,Brighton Heights
268,541 E Ohio St,Pittsburgh,East Allegheny
269,736 Brownsville Rd,Pittsburgh,Knoxville
270,2100 East Carson Street,Pittsburgh,South Side Flats
271,2222 East Carson Street,Pittsburgh,South Side Flats
272,2533 Pioneer Ave,Pittsburgh,Brookline
273,1530 Brownsville Rd,Pittsburgh,Carrick
274,2528 East Carson Street,Pittsburgh,South Side Flats
275,1938 S 18th St,Pittsburgh,South Side Slopes
276,1100 East Carson Street,Pittsburgh,South Side Flats
277,2028 S 18th St,Pittsburgh,South Side Slopes
278,2026 East Carson Street,Pittsburgh,South Side Flats
279,153 S 18th St,Pittsburgh,South Side Flats
280,601 Brownsville Road,Pittsburgh,Knoxville
281,1734 East Carson Street,Pittsburgh,South Side Flats
282,2116 Brownsville Rd,Pittsburgh,Carrick
283,2523 S 18th St,Pittsburgh,South Side Slopes
284,5817 Bryant Street,Pittsburgh,Highland Park
286,5115 Coral Street,Pittsburgh,Bloomfield
288,5724 Ellsworth Avenue,Pittsburgh,Shadyside
289,10 Childrens Way,Pittsburgh,Allegheny Center
290,806 Fifth Avenue,Pittsburgh,Bluff
291,806 Western Ave,Pittsburgh,Allegheny West
292,814 Brookline Blvd,Pittsburgh,Brookline
293,5400 Penn Avenue,Pittsburgh,Bloomfield
294,5906 Bryant Street,Pittsburgh,Highland Park
296,5724 Ellsworth Avenue,Pittsburgh,Shadyside
297,5819 Ellsworth Avenue,Pittsburgh,Shadyside
298,1801 Chislett Street,Pittsburgh,Morningside
301,3445 Ward Street,Pittsburgh,Central Oakland
303,1304 Fifth Avenue,Pittsburgh,Bluff
304,5215 Centre Ave,Pittsburgh,Bloomfield
305,5901 Ellsworth Avenue,Pittsburgh,Shadyside
306,547 Greenfield Ave,Pittsburgh,Greenfield
308,5941 Penn Avenue,Pittsburgh,East Liberty
309,5752 Ellsworth Avenue,Pittsburgh,Shadyside
310,5849 Ellsworth Avenue,Pittsburgh,Shadyside
311,1030 Fifth Avenue,Pittsburgh,Bluff
312,5901 Bryant Street,Pittsburgh,Highland Park
313,1420 Fifth Avenue,Pittsburgh,Bluff
315,301 Charles Street,Pittsburgh,Knoxville
316,7106 Edgerton Avenue,Pittsburgh,Point Breeze
317,5850 Ellsworth Avenue,Pittsburgh,Shadyside
318,5430 Penn Avenue,Pittsburgh,Bloomfield
319,5743 Ellsworth Avenue,Pittsburgh,Shadyside
320,6519 Penn Avenue,Pittsburgh,Larimer
321,1506 Fifth Avenue,Pittsburgh,Bluff
322,6235 Penn Avenue,Pittsburgh,East Liberty
324,5883 Ellsworth Avenue,Pittsburgh,Shadyside
325,5890 Ellsworth Avenue,Pittsburgh,Shadyside
327,3625 California Ave,Pittsburgh,Brighton Heights
328,1197 West Carson Street,Pittsburgh,South Shore
329,113 Merrimac Street,Pittsburgh,Mount Washington
330,720 Sherwood Ave,Pittsburgh,Sheraden
331,1437 E Steuben St,Pittsburgh,Crafton Heights
332,1338 Chartiers Ave,Pittsburgh,Elliott
333,3131 Chartiers Ave,Pittsburgh,Sheraden
334,2827 Chartiers Ave,Pittsburgh,Sheraden
335,1607 Broadway Ave,Pittsburgh,Beechview
336,2601 Chartiers Ave,Pittsburgh,Crafton Heights
337,2625 Chartiers Ave,Pittsburgh,Crafton Heights
338,2269 Noblestown Road,Pittsburgh,Westwood
339,1942 Broadway Ave,Pittsburgh,Beechview
340,1621 Broadway Ave,Pittsburgh,Beechview
341,4028 Beechwood Boulevard,Pittsburgh,Greenfield
342,1805 Morningside Avenue,Pittsburgh,Morningside
343,1001 Chartiers Ave,Pittsburgh,Elliott
344,1044 Goehring Street,Pittsburgh,Spring Hill-City View
345,930 Chartiers Ave,Pittsburgh,Elliott
346,111 Grandview Avenue,Pittsburgh,Mount Washington
347,2102 Broadway Ave,Pittsburgh,Beechview
348,1553 Broadway Ave,Pittsburgh,Beechview
349,122 Shiloh Street,Pittsburgh,Mount Washington
350,218 Shiloh Street,Pittsburgh,Mount Washington
351,167 Wabash St,Pittsburgh,West End
352,3045 Chartiers Ave,Pittsburgh,Sheraden
353,1461 Chartiers Ave,Pittsburgh,Crafton Heights
354,301 Virginia Ave,Pittsburgh,Mount Washington
355,162 Steuben St,Pittsburgh,Elliott
356,1461 E Steuben St,Pittsburgh,Crafton Heights
357,3860 Chartiers Ave,Pittsburgh,Windgap
358,725 Sherwood Ave,Pittsburgh,Sheraden
359,122 Shiloh Street,Pittsburgh,Mount Washington
360,123 Steuben St,Pittsburgh,West End
361,5 Grandview Avenue,Pittsburgh,Mount Washington
362,1427 Chartiers Ave,Pittsburgh,Crafton Heights
363,913 Chartiers Ave,Pittsburgh,Elliott
364,3018 Chartiers Ave,Pittsburgh,Sheraden
365,331 South Bouquet Street,Pittsburgh,Central Oakland
367,3400 Fifth Avenue,Pittsburgh,Central Oakland
368,2912 Sheraden Blvd,Pittsburgh,Sheraden
371,6 Bailey Avenue,Pittsburgh,Mount Washington
372,39 Wabash St,Pittsburgh,West End
373,500 South Main Street,Pittsburgh,West End
374,96 Virginia Ave,Pittsburgh,Mount Washington
375,175 Steuben St,Pittsburgh,West End
378,1505 Stratmore Ave,Pittsburgh,Crafton Heights
379,863 Steuben St,Pittsburgh,Elliott
380,212 Stratmore Ave,Pittsburgh,Crafton Heights
381,501 Alter St,Carnegie,East Carnegie
382,234 Shiloh Street,Pittsburgh,Mount Washington
383,2855 Chartiers Ave,Pittsburgh,Sheraden
384,1330 Hassler Street,Pittsburgh,Elliott
385,2966 Chartiers Ave,Pittsburgh,Sheraden
386,5 Grandview Avenue,Pittsburgh,Mount Washington
387,3032 Chartiers Ave,Pittsburgh,Sheraden
388,131 Shiloh Street,Pittsburgh,Mount Washington
389,1036 Chartiers Ave,Pittsburgh,Elliott
390,1550 Beechview Avenue,Pittsburgh,Beechview
391,649 Hillsboro Street,Pittsburgh,Sheraden
392,3636 Boulevard of the Allies,Pittsburgh,Central Oakland
393,2912 Sheraden Blvd,Pittsburgh,Sheraden
394,1137 Brownsville Rd,Pittsburgh,Carrick
395,7113 Reynolds Street,Pittsburgh,Point Breeze
396,930 Chartiers Ave,Pittsburgh,Elliott
397,1835 Centre Ave,Pittsburgh,Crawford-Roberts
399,341 South Bouquet Street,Pittsburgh,Central Oakland
401,518 Brownsville Rd,Pittsburgh,Knoxville
402,1141 North Highland Avenue,Pittsburgh,Highland Park
403,1000 Chartiers Ave,Pittsburgh,Elliott
404,201 South Highland Avenue,Pittsburgh,Shadyside
405,235 South Highland Avenue,Pittsburgh,Shadyside
407,1101 Brownsville Rd,Pittsburgh,Carrick
408,301 South Negley Avenue,Pittsburgh,East Liberty
409,5865 Ellsworth Avenue,Pittsburgh,Shadyside
410,5842 Ellsworth Avenue,Pittsburgh,Shadyside
413,3900 Perrysville Ave,Pittsburgh,Perry North
414,525 North Shore Drive,Pittsburgh,North Shore
416,3300 Brighton Road,Pittsburgh,Brighton Heights
417,20 East General Robinson Street,Pittsburgh,North Shore
418,100 Mazeroski Way,Pittsburgh,North Shore
419,525 North Shore Drive,Pittsburgh,North Shore
420,419 North Shore Drive,Pittsburgh,North Shore
421,103 Federal St,Pittsburgh,North Shore
422,1808 Penn Ave,Pittsburgh,Strip District
423,1700 Penn Avenue,Pittsburgh,Strip District
424,243 Grandview Avenue,Pittsburgh,Mount Washington
425,1809 Penn Avenue,Pittsburgh,Strip District
426,North Shore Drive,Pittsburgh,North Shore
427,1907 Penn Avenue,Pittsburgh,Strip District
428,2125 Penn Avenue,Pittsburgh,Strip District
429,3272 Surban Street,Pittsburgh,Sheraden
430,2031 Penn Avenue,Pittsburgh,Strip District
431,229 Grandview Avenue,Pittsburgh,Mount Washington
432,950 Ridge Avenue,Pittsburgh,Allegheny West
433,792 West General Robinson Street,Pittsburgh,North Shore
434,525 North Shore Drive,Pittsburgh,North Shore
435,714 Culloden Way,Pittsburgh,Shadyside
436,4181 Centre Ave,Pittsburgh,Upper Hill
438,2330 Penn Avenue,Pittsburgh,Strip District
439,3138 Dobson St,Pittsburgh,Polish Hill
440,1720 Centre Ave,Pittsburgh,Crawford-Roberts
441,2603 Shady Avenue,Pittsburgh,Squirrel Hill South
443,1711 Liberty Avenue,Pittsburgh,Strip District
445,4201 Murray Ave,Pittsburgh,Greenfield
446,355 Allegheny Avenue,Pittsburgh,North Shore
447, North Shore Drive,Pittsburgh,Chateau
448,574 West General Robinson Street,Pittsburgh,North Shore
449,2220 Penn Avenue,Pittsburgh,Strip District
450,1630 Penn Avenue,Pittsburgh,Strip District
451,1901 Centre Ave,Pittsburgh,Crawford-Roberts
452,470 30th Street,Pittsburgh,Polish Hill
453,100 Federal St,Pittsburgh,North Shore
454,Chuck Noll Way,Pittsburgh,North Shore
455,Chuck Noll Way,Pittsburgh,North Shore
456,3223 Brereton Street,Pittsburgh,Polish Hill
457,5120 Stanton Avenue,Pittsburgh,Central Lawrenceville
458,12 Federal St,Pittsburgh,North Shore
459,12 Federal St,Pittsburgh,North Shore
460,2121 Smallman Street,Pittsburgh,Strip District
461,644 West General Robinson Street,Pittsburgh,North Shore
462,1435 Grandview Avenue,Pittsburgh,Duquesne Heights
463,1801 Centre Ave,Pittsburgh,Crawford-Roberts
464,355 Allegheny Ave,Pittsburgh,North Shore
465,1603 Penn Avenue,Pittsburgh,Strip District
466,100 Mazeroski Way,Pittsburgh,North Shore
467,3119 Brereton Street,Pittsburgh,Polish Hill
468,Liberty Avenue,Pittsburgh,Strip District
469,3001 Brereton Street,Pittsburgh,Polish Hill
470,355 Allegheny Ave,Pittsburgh,North Shore
471,325 Grandview Avenue,Pittsburgh,Mount Washington
472,355 Allegheny Ave,Pittsburgh,North Shore
473,574 West General Robinson Street,Pittsburgh,North Shore
474,3103 Penn Avenue,Pittsburgh,Strip District
475,3237 Dobson Street,Pittsburgh,Polish Hill
476,1901 Centre Ave,Pittsburgh,Crawford-Roberts
477,419 North Shore Drive,Pittsburgh,North Shore
478,265 Devilliers Street,Pittsburgh,Bedford Dwellings
479,3279 Bigelow Boulevard,Pittsburgh,Polish Hill
480,2000 Brownsville Road,Pittsburgh,Carrick
481,247 North Shore Drive,Pittsburgh,North Shore
482,355 Allegheny Ave,Pittsburgh,Chateau
483,353 North Shore Drive,Pittsburgh,North Shore
484,5023 Bayard Street,Pittsburgh,Shadyside
485,2020 Smallman Street,Pittsburgh,Strip District
486,North Shore Drive,Pittsburgh,North Shore
487,1908 Smallman Street,Pittsburgh,Strip District
488,3001 Brereton Street,Pittsburgh,Polish Hill
489,684 West General Robinson Street,Pittsburgh,North Shore
490,2801 Penn Avenue,Pittsburgh,Strip District
491,275 North Shore Drive,Pittsburgh,North Shore
492,2329 Penn Avenue,Pittsburgh,Strip District
493,100 Mazeroski Way,Pittsburgh,North Shore
494,128 North Craig Street,Pittsburgh,North Oakland
495,3880 Perrysville Ave,Pittsburgh,Perry North
496, North Shore Drive,Pittsburgh,Chateau
497,2801 Liberty Avenue,Pittsburgh,Polish Hill
499,1012 Greenfield Ave,Pittsburgh,Greenfield
500,100 Mazeroski Way,Pittsburgh,North Shore
501,3616 Fifth Avenue,Pittsburgh,Central Oakland
503,684 West General Robinson Street,Pittsburgh,North Shore
504,2431 Wylie Avenue,Pittsburgh,Middle Hill
505,3300 Liberty Avenue,Pittsburgh,Lower Lawrenceville
506,106 East General Robinson Street,Pittsburgh,North Shore
507,2115 Penn Avenue,Pittsburgh,Strip District
508,1725 Penn Avenue,Pittsburgh,Strip District
509,3060 Brereton Street,Pittsburgh,Polish Hill
510,West General Robinson Street,Pittsburgh,North Shore
511,2904 Penn Avenue,Pittsburgh,Strip District
512,1817 Brownsville Rd,Pittsburgh,Carrick
513,3602 Forbes Ave,Pittsburgh,Central Oakland
514,355 Allegheny Ave,Pittsburgh,North Shore
515,Tony Dorsett Drive,Pittsburgh,North Shore
516,935 Herron Avenue,Pittsburgh,Polish Hill
517,100 Art Rooney Avenue,Pittsburgh,North Shore
518,West General Robinson Street,Pittsburgh,North Shore
519,3533 Forbes Ave,Pittsburgh,Central Oakland
520,2120 Penn Avenue,Pittsburgh,Strip District
521,1811 Brownsville Rd,Pittsburgh,Carrick
522,1916 Smallman Street,Pittsburgh,Strip District
525,3530 Forbes Ave,Pittsburgh,Central Oakland
531,905 Watson Street,Pittsburgh,Bluff
532,3101 Brereton Street,Pittsburgh,Polish Hill
533,2505 Penn Avenue,Pittsburgh,Strip District
534,220 22nd Street,Pittsburgh,Strip District
535,2205 Penn Avenue,Pittsburgh,Strip District
536,201 Grandview Avenue,Pittsburgh,Mount Washington
537,1728 Smallman Street,Pittsburgh,Strip District
538,3000 Penn Avenue,Pittsburgh,Strip District
540,2315 Penn Avenue,Pittsburgh,Strip District
541,2301 Smallman Street,Pittsburgh,Strip District
542,3888 East Street,Pittsburgh,Perry North
543,415 South Craig Street,Pittsburgh,North Oakland
544,1100 Allegheny Ave,Pittsburgh,Allegheny West
546,2400 Smallman Street,Pittsburgh,Strip District
547,2020 Smallman Street,Pittsburgh,Strip District
548, Mazeroski Statue,Pittsburgh,North Shore
549,100 Federal St,Pittsburgh,North Shore
551,Tony Dorsett Drive,Pittsburgh,North Shore
552,2301 Smallman Street,Pittsburgh,Strip District
553,2603 Shady Avenue,Pittsburgh,Squirrel Hill South
554,1226 Herron Avenue,Pittsburgh,Polish Hill
555,Tony Dorsett Drive,Pittsburgh,North Shore
556,115 Grandview Avenue,Pittsburgh,Mount Washington
557,2608 Penn Avenue,Pittsburgh,Strip District
558,2050 Liberty Avenue,Pittsburgh,Strip District
559,547 Roberts Street,Pittsburgh,Crawford-Roberts
560,419 North Shore Drive,Pittsburgh,North Shore
561,2621 Centre Ave,Pittsburgh,Middle Hill
562,1801 Jancey Street,Pittsburgh,Morningside
563,1668 Perrysville Ave,Pittsburgh,Central Northside
564,684 West General Robinson Street,Pittsburgh,North Shore
565,2026 Penn Avenue,Pittsburgh,Strip District
567,355 Allegheny Ave,Pittsburgh,Chateau
569,792 West General Robinson Street,Pittsburgh,North Shore
570,525 North Shore Drive,Pittsburgh,North Shore
571,1736 Penn Avenue,Pittsburgh,Strip District
572, 20th Street,Pittsburgh,Strip District
573,West General Robinson Street,Pittsburgh,North Shore
574,1711 Liberty Avenue,Pittsburgh,Strip District
575,393 North Shore Drive,Pittsburgh,North Shore
576,792 West General Robinson Street,Pittsburgh,North Shore
578,353 North Shore Drive,Pittsburgh,North Shore
579,4215 Fifth Avenue,Pittsburgh,North Oakland
580,1828 Brownsville Rd,Pittsburgh,Carrick
581,790-792 West General Robinson Street,Pittsburgh,North Shore
582,1532 Brownsville Road,Pittsburgh,Carrick
584,3501 Boulevard of the Allies,Pittsburgh,South Oakland
585,3218 Camp Street,Pittsburgh,Upper Hill
586,2520 East Carson Street,Pittsburgh,South Side Flats
587,1 Bailey Avenue,Pittsburgh,Mount Washington
588,3145 Banksville Road,Pittsburgh,Banksville
589,2338 East Carson Street,Pittsburgh,South Side Flats
590,2546 Centre Ave,Pittsburgh,Terrace Village
591,115 North Highland Avenue,Pittsburgh,East Liberty
592,6566 Forbes Ave,Pittsburgh,Point Breeze
593,2828 Perrysville Avenue,Pittsburgh,Perry South
594,4618 Baum Boulevard,Pittsburgh,North Oakland
595,110 North Beatty Street,Pittsburgh,East Liberty
597,2502 East Carson Street,Pittsburgh,South Side Flats
598,5042 Second Avenue,Pittsburgh,Hazelwood
599,1817 Fifth Avenue,Pittsburgh,Crawford-Roberts
600,4208 Centre Ave,Pittsburgh,Terrace Village
603,1941 S 18th St,Pittsburgh,South Side Slopes
607,6012 Centre Ave,Pittsburgh,Shadyside
608,612 Watt Street,Pittsburgh,Middle Hill
610,6001 Penn Avenue,Pittsburgh,East Liberty
611,1940 Murray Ave,Pittsburgh,Squirrel Hill South
613,5403 Friendship Avenue,Pittsburgh,Bloomfield
614,122 Virginia Ave,Pittsburgh,Mount Washington
616,3219 Terrace Street,Pittsburgh,West Oakland
617,3864 Second Avenue,Pittsburgh,South Oakland
618,5327 Second Avenue,Pittsburgh,Hazelwood
619,5739 Forbes Ave,Pittsburgh,Squirrel Hill North
620,1000 Bryn Mawr Road,Pittsburgh,Upper Hill
622,5840 Buttermilk Hollow Road,Pittsburgh,Lincoln Place
625,422 Semple Street,Pittsburgh,Central Oakland
627,5947 Penn Avenue,Pittsburgh,East Liberty
628,4506 Penn Avenue,Pittsburgh,Central Lawrenceville
629,1688 Murray Ave,Pittsburgh,Squirrel Hill North
630,6018 Centre Ave,Pittsburgh,Shadyside
631,509 Stevenson Street,Pittsburgh,Bluff
632,4376 Murray Ave,Pittsburgh,Greenfield
633,4800 Second Avenue,Pittsburgh,Hazelwood
634,11 Bailey Avenue,Pittsburgh,Mount Washington
635,4910 Second Avenue,Pittsburgh,Hazelwood
636,3235 Fifth Avenue,Pittsburgh,West Oakland
637,2030 Centre Avenue,Pittsburgh,Middle Hill
638,4901 Second Avenue,Pittsburgh,Hazelwood
642,5041 Second Avenue,Pittsburgh,Hazelwood
643,137 Johnston Avenue,Pittsburgh,Hazelwood
644,2105 Centre Ave,Pittsburgh,Middle Hill
646,2316 Webster Avenue,Pittsburgh,Middle Hill
647,1324 Forbes Ave,Pittsburgh,Bluff
648,5968 Baum Boulevard,Pittsburgh,East Liberty
650, Melancthon Street,Pittsburgh,Hazelwood
651,2176 Centre Ave,Pittsburgh,Middle Hill
652,3919 Perrysville Ave,Pittsburgh,Perry North
653,4025 Perrysville Ave,Pittsburgh,Perry North
654,4061 Perrysville Ave,Pittsburgh,Perry North
655,2200 Centre Ave,Pittsburgh,Middle Hill
656,710 E Warrington Ave,Pittsburgh,Allentown
657,1901 Brighton Rd,Pittsburgh,California-Kirkbride
658,5864 Forbes Ave,Pittsburgh,Squirrel Hill South
659,2297 Centre Ave,Pittsburgh,Middle Hill
660,3272 Surban Street,Pittsburgh,Sheraden
661,1218 Grandview Avenue,Pittsburgh,Mount Washington
662,501 Grandview Avenue,Pittsburgh,Mount Washington
663,515 Grandview Avenue,Pittsburgh,Mount Washington
664,12 East Meyers Street,Pittsburgh,Carrick
665,7147 Hamilton Avenue,Pittsburgh,Homewood South
667,3219 Terrace Street,Pittsburgh,West Oakland
668,6210 Penn Avenue,Pittsburgh,Shadyside
670,1605 Centre Ave,Pittsburgh,Crawford-Roberts
672,2330 North Charles Street,Pittsburgh,Perry South
673,4942 Second Avenue,Pittsburgh,Hazelwood
674,4944 Second Avenue,Pittsburgh,Hazelwood
676,6112 Penn Avenue,Pittsburgh,East Liberty
677,1115 Grandview Avenue,Pittsburgh,Mount Washington
678,6007 Centre Ave,Pittsburgh,Shadyside
679,2703 Penn Avenue,Pittsburgh,Strip District
680,4912 Glenwood Avenue,Pittsburgh,Hazelwood
681,3501 Forbes Ave,Pittsburgh,Central Oakland
682,221 Atwood St,Pittsburgh,Central Oakland
683,6325 Penn Avenue,Pittsburgh,Shadyside
684,5209 Interboro Avenue,Pittsburgh,Lincoln Place
685,4940 Second Avenue,Pittsburgh,Hazelwood
686,1723 Fifth Avenue,Pittsburgh,Bluff
687,3601 Fifth Avenue,Pittsburgh,West Oakland
688,6001 Penn Avenue,Pittsburgh,East Liberty
689,1402 Fifth Avenue,Pittsburgh,Central Business District
690,4515 Forbes Ave,Pittsburgh,North Oakland
691,402 Kirkpatrick Street,Pittsburgh,Terrace Village
692,400 Semple Street,Pittsburgh,Central Oakland
693,Zulema Street,Pittsburgh,South Oakland
694,3301 Milwaukee Street,Pittsburgh,Upper Hill
695,1700 Murray Ave,Pittsburgh,Squirrel Hill South
696,2507 Centre Ave,Pittsburgh,Terrace Village
697,802 Brookline Boulevard,Pittsburgh,Brookline
698,2329 Beechwood Boulevard,Pittsburgh,Squirrel Hill South
699,1522 Fifth Avenue,Pittsburgh,Bluff
700,7602 Forbes Ave,Pittsburgh,Regent Square
701,4630 Centre Ave,Pittsburgh,North Oakland
702,3714 Forbes Ave,Pittsburgh,Central Oakland
703,2343 Brownsville Rd,Pittsburgh,Carrick
704,1846 Fifth Avenue,Pittsburgh,Bluff
705,1712 Fifth Avenue,Pittsburgh,Bluff
706,420 South Craig Street,Pittsburgh,North Oakland
707,512 North Braddock Avenue,Pittsburgh,Homewood South
708,745 South Braddock Avenue,Pittsburgh,Regent Square
709,5003 Second Avenue,Pittsburgh,Hazelwood
710,1224 East Carson Street,Pittsburgh,South Side Flats
711,3300 Webster Avenue,Pittsburgh,Middle Hill
712,4353 Murray Ave,Pittsburgh,Greenfield
713,3348 Beechwood Boulevard,Pittsburgh,Squirrel Hill South
714,3805 Forbes Ave,Pittsburgh,Central Oakland
715,712 Adelaide Street,Pittsburgh,Upper Hill
716,3503 Beechwood Boulevard,Pittsburgh,Greenfield
717,2201 Wylie Avenue,Pittsburgh,Middle Hill
719,2503 Centre Ave,Pittsburgh,Middle Hill
720,1688 Murray Avenue,Pittsburgh,Squirrel Hill North
721,6009 Penn Avenue,Pittsburgh,East Liberty
722,2606 Centre Ave,Pittsburgh,Terrace Village
723,1290 Mifflin Rd,Pittsburgh,Lincoln Place
724,301 South Craig Street,Pittsburgh,North Oakland
727,4584 Browns Hill Road,Pittsburgh,Hazelwood
728,5600 Forbes Ave,Pittsburgh,Squirrel Hill North
729,1630 Fifth Avenue,Pittsburgh,Bluff
730,2400 Centre Ave,Pittsburgh,Middle Hill
731,1833 Fifth Avenue,Pittsburgh,Crawford-Roberts
732,2152 Wylie Avenue,Pittsburgh,Middle Hill
733,901 Bryn Mawr Road,Pittsburgh,Upper Hill
734,2105 Wightman Street,Pittsburgh,Squirrel Hill South
736,205 Saline Street,Pittsburgh,Greenfield
737,2209 Murray Ave,Pittsburgh,Squirrel Hill South
738,611 Second Avenue,Pittsburgh,Central Business District
739,1425 Fifth Avenue,Pittsburgh,Central Business District
741,1624 Centre Ave,Pittsburgh,Crawford-Roberts
742,7101 Hamilton Avenue,Pittsburgh,Homewood South
744,2203 Wylie Avenue,Pittsburgh,Middle Hill
745,1209 Forbes Ave,Pittsburgh,Bluff
746,1500 Centre Ave,Pittsburgh,Crawford-Roberts
747,601 Blessing Street,Pittsburgh,Upper Hill
749, East Busway,Pittsburgh,Larimer
750,Second Avenue,Pittsburgh,South Oakland
751,514 Oakwood Street,Pittsburgh,Homewood South
752,3802 Acorn Street,Pittsburgh,Greenfield
753,6369 East Liberty Boulevard,Pittsburgh,East Liberty
754,12 East Meyers Street,Pittsburgh,Carrick
755,410 North Highland Avenue,Pittsburgh,East Liberty
756,734 Mercer Street,Pittsburgh,Crawford-Roberts
757,420 North Braddock Avenue,Pittsburgh,Homewood South
758,2901 North Charles Street,Pittsburgh,Perry South
759,404 South Craig Street,Pittsburgh,North Oakland
760,4800 Second Avenue,Pittsburgh,Hazelwood
761,2950 South Water Street,Pittsburgh,South Side Flats
762,848 E Warrington Ave,Pittsburgh,Allentown
763,1824 Murray Ave,Pittsburgh,Squirrel Hill South
764,5819 Forbes Ave,Pittsburgh,Squirrel Hill North
765,2800 North Charles Street,Pittsburgh,Perry South
766,6425 Penn Avenue,Pittsburgh,Larimer
768,1401 Brownsville Rd,Pittsburgh,Carrick
769,6736 Reynolds Street,Pittsburgh,Point Breeze
771,2714 Brownsville Rd,Pittsburgh,Carrick
773,4635 Centre Ave,Pittsburgh,North Oakland
774,1704 Shady Avenue,Pittsburgh,Squirrel Hill North
777,Sennott Street,Pittsburgh,Central Oakland
778,1704 Shady Avenue,Pittsburgh,Squirrel Hill South
779,1648 Shady Avenue,Pittsburgh,Squirrel Hill North
780,2101 Murray Ave,Pittsburgh,Squirrel Hill South
781,2104 Murray Ave,Pittsburgh,Squirrel Hill South
782,1936 Murray Ave,Pittsburgh,Squirrel Hill South
783,5865 Forbes Ave,Pittsburgh,Squirrel Hill North
784,2211 Mahon Street,Pittsburgh,Middle Hill
785,2256 Brownsville Rd,Pittsburgh,Carrick
786,5854 Forbes Ave,Pittsburgh,Squirrel Hill South
787,2201 Brownsville Rd,Pittsburgh,Carrick
788,2120 Murray Ave,Pittsburgh,Squirrel Hill South
789,5849 Forbes Ave,Pittsburgh,Squirrel Hill North
790,1020 East Carson Street,Pittsburgh,South Side Flats
791,2336 Brownsville Rd,Pittsburgh,Carrick
793,2339 Beechwood Boulevard,Pittsburgh,Squirrel Hill South
794,3845 Dawson Street,Pittsburgh,Central Oakland
795,6349-6387 Penn Avenue,Pittsburgh,East Liberty
796,409 Gettysburg Street,Pittsburgh,Point Breeze
797,5887 Forbes Ave,Pittsburgh,Squirrel Hill North
798,1916 Murray Ave,Pittsburgh,Squirrel Hill South
799,2112 Murray Ave,Pittsburgh,Squirrel Hill South
800,2125 Murray Ave,Pittsburgh,Squirrel Hill South
801,2017 Murray Ave,Pittsburgh,Squirrel Hill South
802,830 E Warrington Ave,Pittsburgh,Allentown
803,1937 Murray Ave,Pittsburgh,Squirrel Hill South
804,3272 Surban Street,Pittsburgh,Sheraden
805,3912 Perrysville Ave,Pittsburgh,Perry North
806,5834 Forward Avenue,Pittsburgh,Squirrel Hill South
807,2901 Banksville Road,Pittsburgh,Banksville
808,20 East General Robinson Street,Pittsburgh,North Shore
809,503 Mountain Avenue,Pittsburgh,St. Clair
810,804 E Warrington Ave,Pittsburgh,Allentown
811,2216 Brownsville Rd,Pittsburgh,Carrick
813,755 E Warrington Ave,Pittsburgh,Allentown
815,4102 Perrysville Ave,Pittsburgh,Perry North
816,1728 East Carson Street,Pittsburgh,South Side Flats
817,2010 East Carson Street,Pittsburgh,South Side Flats
818,2114 East Carson Street,Pittsburgh,South Side Flats
819,2134 East Carson Street,Pittsburgh,South Side Flats
820,6428 Forbes Ave,Pittsburgh,Squirrel Hill South
821,1926 Rockledge Street,Pittsburgh,Spring Hill-City View
822,2609 Murray Ave,Pittsburgh,Squirrel Hill South
823,1832 East Carson Street,Pittsburgh,South Side Flats
824,1835 Centre Ave,Pittsburgh,Crawford-Roberts
825,1850 Centre Ave,Pittsburgh,Crawford-Roberts
826,423 Grove Street,Pittsburgh,Middle Hill
827,2101 Centre Ave,Pittsburgh,Middle Hill
828,1901 Centre Ave,Pittsburgh,Crawford-Roberts
829,4613 Centre Ave,Pittsburgh,North Oakland
830,1601 Brighton Rd,Pittsburgh,California-Kirkbride
831,4632 Centre Ave,Pittsburgh,North Oakland
832,2337 Centre Ave,Pittsburgh,Middle Hill
833,4653 Centre Ave,Pittsburgh,North Oakland
835,1400 East Carson Street,Pittsburgh,South Side Flats
836,5836 Forbes Ave,Pittsburgh,Squirrel Hill South
837,2909 Centre Ave,Pittsburgh,Middle Hill
838,1901 Centre Ave,Pittsburgh,Crawford-Roberts
839,5819 Forbes Ave,Pittsburgh,Squirrel Hill South
840,5839 Forbes Ave,Pittsburgh,Squirrel Hill North
841,1705 East Carson Street,Pittsburgh,South Side Flats
843,2177 Centre Ave,Pittsburgh,Middle Hill
844,1739 East Carson Street,Pittsburgh,South Side Flats
845,1122 East Carson Street,Pittsburgh,South Side Flats
846,1315 East Carson Street,Pittsburgh,South Side Flats
847,146 Parkfield Street,Pittsburgh,Carrick
848,996 Saw Mill Run Boulevard,Pittsburgh,Duquesne Heights
849,1839 Murray Ave,Pittsburgh,Squirrel Hill South
851,5802 Forbes Ave,Pittsburgh,Squirrel Hill South
852,14 Elmore Street,Pittsburgh,Middle Hill
853,5017 Second Avenue,Pittsburgh,Hazelwood
854,1800 Murray Ave,Pittsburgh,Squirrel Hill South
855,2209 Murray Ave,Pittsburgh,Squirrel Hill South
856,5739 Forbes Ave,Pittsburgh,Squirrel Hill South
857,5800 Forbes Ave,Pittsburgh,Squirrel Hill North
858,2001 Centre Ave,Pittsburgh,Middle Hill
859,5800 Forbes Ave,Pittsburgh,Squirrel Hill South
860,2137 Centre Ave,Pittsburgh,Middle Hill
861,1707 Murray Ave,Pittsburgh,Squirrel Hill South
862,5006 Second Avenue,Pittsburgh,Hazelwood
863,2338 Murray Ave,Pittsburgh,Squirrel Hill South
864,1720 Murray Ave,Pittsburgh,Squirrel Hill South
865,1 Poplar Street,Pittsburgh,Westwood
868,5822 Forbes Ave,Pittsburgh,Squirrel Hill South
870,5804 Forward Avenue,Pittsburgh,Squirrel Hill South
871,200 Flowers Avenue,Pittsburgh,Hazelwood
872,1730 Murray Ave,Pittsburgh,Squirrel Hill South
873,5808 Forbes Ave,Pittsburgh,Squirrel Hill South
874,2418 Durbin Street,Pittsburgh,Oakwood
875,1700 East Carson Street,Pittsburgh,South Side Flats
876,2219 Murray Ave,Pittsburgh,Squirrel Hill South
877,1832 East Carson Street,Pittsburgh,South Side Flats
879,1704 Noblestown Road,Pittsburgh,Westwood
880,2648 North Charles Street,Pittsburgh,Perry South
881,1933 East Carson Street,Pittsburgh,South Side Flats
882,2100 Noblestown Road,Pittsburgh,Westwood
883,1603 Grandview Avenue,Pittsburgh,Duquesne Heights
884,2163 Centre Ave,Pittsburgh,Middle Hill
885,2145 Centre Ave,Pittsburgh,Middle Hill
886,238 Shady Avenue,Pittsburgh,Shadyside
887,2000 Centre Ave,Pittsburgh,Crawford-Roberts
888,1688 Murray Ave,Pittsburgh,Squirrel Hill North
889,2121 Centre Ave,Pittsburgh,Middle Hill
890,5802 Forbes Ave,Pittsburgh,Squirrel Hill North
891,5813 Forbes Ave,Pittsburgh,Squirrel Hill North
893,430 Greenfield Ave,Pittsburgh,Greenfield
894,7201 Frankstown Avenue,Pittsburgh,Homewood North
895,20 East General Robinson Street,Pittsburgh,North Shore
896,117 South Bouquet Street,Pittsburgh,Central Oakland
897,5876 Forbes Ave,Pittsburgh,Squirrel Hill South
898,5819 Forbes Ave,Pittsburgh,Squirrel Hill North
899,5885 Forbes Ave,Pittsburgh,Squirrel Hill North
900,2827 Chartiers Ave,Pittsburgh,Sheraden
901,1900 Woodville Avenue,Pittsburgh,West End
902,5880 Forbes Ave,Pittsburgh,Squirrel Hill South
903,3700 Forbes Ave,Pittsburgh,Central Oakland
905,5888 Forbes Ave,Pittsburgh,Squirrel Hill South
906,3718 Fifth Avenue,Pittsburgh,Central Oakland
907,5819 Forbes Ave,Pittsburgh,Squirrel Hill North
908,5846 Forbes Ave,Pittsburgh,Squirrel Hill South
911,2138 Noblestown Road,Pittsburgh,Westwood
913,431 South Main Street,Pittsburgh,West End
914,312 South Main Street,Pittsburgh,West End
915,7114 Kelly Street,Pittsburgh,Homewood South
917,7535 Penn Avenue,Pittsburgh,Point Breeze North
918,702 Brookline Blvd,Pittsburgh,Brookline
919,603 Lincoln Avenue,Pittsburgh,Larimer
920,5218 Friendship Avenue,Pittsburgh,Bloomfield
921,804 North Negley Avenue,Pittsburgh,Highland Park
923,5482 Penn Avenue,Pittsburgh,Friendship
924,7734 Kelly Street,Pittsburgh,Homewood South
925,6640 Frankstown Avenue,Pittsburgh,Larimer
926,6490 Frankstown Avenue,Pittsburgh,Larimer
927,519 North Highland Avenue,Pittsburgh,East Liberty
928,1133 Merrick Avenue,Pittsburgh,Brookline
929,7053 Frankstown Avenue,Pittsburgh,Homewood South
930,149 South Negley Avenue,Pittsburgh,East Liberty
931,601 North Negley Avenue,Pittsburgh,East Liberty
932,926 Brookline Blvd,Pittsburgh,Brookline
934,310 Paulson Avenue,Pittsburgh,Larimer
935,1153 Lincoln Avenue,Pittsburgh,Lincoln-Lemington-Belmar
936,710 North Homewood Avenue,Pittsburgh,Homewood South
937,7117 Bennett Street,Pittsburgh,Homewood South
938,6471 Frankstown Avenue,Pittsburgh,Larimer
939,6967 Frankstown Avenue,Pittsburgh,Homewood West
940,6286 East Liberty Boulevard,Pittsburgh,Larimer
941,4010 Penn Avenue,Pittsburgh,Central Lawrenceville
942,5611 Elmer Street,Pittsburgh,Shadyside
943,6369 East Liberty Boulevard,Pittsburgh,Larimer
944,130 South Whitfield Street,Pittsburgh,East Liberty
945,125 South Beatty Street,Pittsburgh,East Liberty
946,5404 Centre Ave,Pittsburgh,Bloomfield
947,501 Larimer Avenue,Pittsburgh,Larimer
948,5538 Stanton Avenue,Pittsburgh,East Liberty
949,5305 Baum Boulevard,Pittsburgh,Bloomfield
950,8200 Bennett Street,Pittsburgh,East Hills
951,3722 Penn Avenue,Pittsburgh,Lower Lawrenceville
952,119 North Sheridan Ave,Pittsburgh,East Liberty
953,6648 Fifth Avenue,Pittsburgh,Shadyside
954,4951 Centre Ave,Pittsburgh,Bloomfield
955,4052 Liberty Avenue,Pittsburgh,Bloomfield
957,1025 Brookline Blvd,Pittsburgh,Brookline
958,Ansley Street,Pittsburgh,East Liberty
959,3623 Liberty Avenue,Pittsburgh,Lower Lawrenceville
960,800 South Negley Avenue,Pittsburgh,Shadyside
961,6600 Fifth Avenue,Pittsburgh,Shadyside
962,915 Brookline Blvd,Pittsburgh,Brookline
963,120 South Whitfield Street,Pittsburgh,East Liberty
964,7121 Bennett Street,Pittsburgh,Homewood South
965,6508 Frankstown Avenue,Pittsburgh,Larimer
966,130 South Whitfield Street,Pittsburgh,East Liberty
967,229 Stratford Avenue,Pittsburgh,Friendship
968,7246 Kelly Street,Pittsburgh,Homewood South
969,5879 Centre Ave,Pittsburgh,East Liberty
970,5318 Friendship Avenue,Pittsburgh,Bloomfield
972,5100 Friendship Avenue,Pittsburgh,Bloomfield
973,420 Roup Avenue,Pittsburgh,Friendship
975,7103 Penn Avenue,Pittsburgh,Point Breeze North
976,742 Brookline Blvd,Pittsburgh,Brookline
977,301 Larimer Avenue,Pittsburgh,Larimer
978,1854 Forbes Ave,Pittsburgh,Bluff
979,7237 Kelly Street,Pittsburgh,Homewood South
980,7120 Kelly Street,Pittsburgh,Homewood South
981,4901 Friendship Avenue,Pittsburgh,Bloomfield
982,1730 Forbes Ave,Pittsburgh,Bluff
983,1714 Fifth Avenue,Pittsburgh,Bluff
985,1425 Forbes Ave,Pittsburgh,Bluff
986,421 North Highland Avenue,Pittsburgh,East Liberty
987,7721 Kelly Street,Pittsburgh,Homewood South
988,534 North Braddock Avenue,Pittsburgh,Homewood South
989,3950 Liberty Avenue,Pittsburgh,Lower Lawrenceville
990,1502 Lincoln Avenue,Pittsburgh,Lincoln-Lemington-Belmar
991,1101 Lincoln Avenue,Pittsburgh,Lincoln-Lemington-Belmar
992,4420 Penn Avenue,Pittsburgh,Central Lawrenceville
993,819 Brushton Avenue,Pittsburgh,Homewood South
994,5140 Liberty Avenue,Pittsburgh,Bloomfield
995,410 North Highland Avenue,Pittsburgh,East Liberty
996,3657 Penn Avenue,Pittsburgh,Lower Lawrenceville
997,3649 Liberty Avenue,Pittsburgh,Lower Lawrenceville
998,804 North Negley Avenue,Pittsburgh,Highland Park
999,7317 Frankstown Avenue,Pittsburgh,Homewood North
1000,8000 Frankstown Avenue,Pittsburgh,East Hills
1002,5701 Baum Boulevard,Pittsburgh,East Liberty
1003,5905 Station Street,Pittsburgh,East Liberty
1004,247 South Pacific Avenue,Pittsburgh,Bloomfield
1005,South Beatty Street,Pittsburgh,East Liberty
1006,5450 Friendship Avenue,Pittsburgh,Friendship
1007,6640 Frankstown Avenue,Pittsburgh,Larimer
1008,1200 North Saint Clair Street,Pittsburgh,Highland Park
1010,4782 Liberty Avenue,Pittsburgh,Bloomfield
1011,5450 Friendship Avenue,Pittsburgh,Friendship
1012,625 Brushton Avenue,Pittsburgh,Homewood South
1013,3349 Liberty Avenue,Pittsburgh,Lower Lawrenceville
1014,825 Freeport Road,Pittsburgh,Lincoln-Lemington-Belmar
1015,5105 Fifth Avenue,Pittsburgh,Shadyside
1016,211 Roup Avenue,Pittsburgh,Friendship
1017,4951 Centre Ave,Pittsburgh,Shadyside
1018,231 Roup Avenue,Pittsburgh,Friendship
1019,416 Pressley Street,Pittsburgh,East Allegheny
1020,238 South Negley Avenue,Pittsburgh,Friendship
1021,1306 Lincoln Avenue,Pittsburgh,Lincoln-Lemington-Belmar
1022,6140 Station Street,Pittsburgh,East Liberty
1023,622 North Homewood Avenue,Pittsburgh,Homewood South
1024,4800 Liberty Avenue,Pittsburgh,Bloomfield
1025,1403 Lincoln Avenue,Pittsburgh,Lincoln-Lemington-Belmar
1026,4115 Liberty Avenue,Pittsburgh,Bloomfield
1027,370 South Negley Avenue,Pittsburgh,Friendship
1028,4739 Maripoe Street,Pittsburgh,Bloomfield
1029,421 North Highland Avenue,Pittsburgh,East Liberty
1030,123 North Sheridan Ave,Pittsburgh,East Liberty
1031,6812 Fifth Avenue,Pittsburgh,Larimer
1032,5551 Centre Ave,Pittsburgh,Shadyside
1033,5862 Baum Boulevard,Pittsburgh,East Liberty
1034,5707 Penn Avenue,Pittsburgh,East Liberty
1035,409 Kirkpatrick Street,Pittsburgh,Middle Hill
1036,2229 Fifth Avenue,Pittsburgh,Bluff
1037,3444 Forbes Ave,Pittsburgh,Central Oakland
1039,3347 Forbes Ave,Pittsburgh,South Oakland
1040,3301 Forbes Ave,Pittsburgh,South Oakland
1041,3455 Forbes Ave,Pittsburgh,Central Oakland
1043,3752 California Ave,Pittsburgh,Brighton Heights
1044,2032 Forbes Ave,Pittsburgh,Bluff
1045,1710 Forbes Ave,Pittsburgh,Bluff
1046,2321 Webster Avenue,Pittsburgh,Middle Hill
1047,1801 Fifth Avenue,Pittsburgh,Crawford-Roberts
1048,2203 Fifth Avenue,Pittsburgh,West Oakland
1049,2076 Fifth Avenue,Pittsburgh,Bluff
1050,1903 East Carson Street,Pittsburgh,South Side Flats
1051,3500 Fifth Avenue,Pittsburgh,Central Oakland
1052,1819 Forbes Ave,Pittsburgh,Bluff
1054,2002 Fifth Avenue,Pittsburgh,West Oakland
1055,3508 Fifth Avenue,Pittsburgh,Central Oakland
1056,1945 Fifth Avenue,Pittsburgh,Crawford-Roberts
1057,4210 Butler Street,Pittsburgh,Central Lawrenceville
1058,3616 Fifth Avenue,Pittsburgh,West Oakland
1059,247 North Shore Drive,Pittsburgh,North Shore
1061,2900 Liberty Avenue,Pittsburgh,Strip District
1062,4239 Main Street,Pittsburgh,Bloomfield
1063,122 Virginia Ave,Pittsburgh,Mount Washington
1064,906 North Homewood Avenue,Pittsburgh,Homewood North
1065,119 McCandless Avenue,Pittsburgh,Upper Lawrenceville
1066,4707 Liberty Avenue,Pittsburgh,Bloomfield
1067,209 Atwood St,Pittsburgh,Central Oakland
1068,4734 Stanton Avenue,Pittsburgh,Stanton Heights
1069,3608 Forbes Ave,Pittsburgh,Central Oakland
1070,3520 Forbes Ave,Pittsburgh,Central Oakland
1071,3800 Forbes Ave,Pittsburgh,Central Oakland
1072,3524 Fifth Avenue,Pittsburgh,Central Oakland
1073,4001 Fifth Avenue,Pittsburgh,North Oakland
1075,4108 Penn Avenue,Pittsburgh,Central Lawrenceville
1076,3602 Fifth Avenue,Pittsburgh,Central Oakland
1077,3414 Fifth Avenue,Pittsburgh,West Oakland
1078,4115 Liberty Avenue,Pittsburgh,Bloomfield
1079,4500 Liberty Avenue,Pittsburgh,Bloomfield
1080,4210 Main Street,Pittsburgh,Bloomfield
1081,4117 Liberty Avenue,Pittsburgh,Bloomfield
1082,4505 Liberty Avenue,Pittsburgh,Bloomfield
1083,4525 Liberty Avenue,Pittsburgh,Bloomfield
1084,312 Pearl Street,Pittsburgh,Bloomfield
1085,4512 Liberty Avenue,Pittsburgh,Bloomfield
1086,4723 Liberty Avenue,Pittsburgh,Bloomfield
1087,4606 Liberty Avenue,Pittsburgh,Bloomfield
1088,4626 Liberty Avenue,Pittsburgh,Bloomfield
1089,4500 Liberty Avenue,Pittsburgh,Bloomfield
1090,1624 Brownsville Rd,Pittsburgh,Carrick
1091,4105 Penn Avenue,Pittsburgh,Central Lawrenceville
1092,4322 Penn Avenue,Pittsburgh,Bloomfield
1093,1355 Romanhoff Street,Pittsburgh,Spring Hill-City View
1094,8 Beltzhoover Ave,Pittsburgh,Allentown
1095,4526 Liberty Avenue,Pittsburgh,Bloomfield
1096,4320 Penn Avenue,Pittsburgh,Central Lawrenceville
1098,4104 Penn Avenue,Pittsburgh,Bloomfield
1099,4727 Liberty Avenue,Pittsburgh,Bloomfield
1100,745 Greenfield Ave,Pittsburgh,Greenfield
1101,4924 Liberty Avenue,Pittsburgh,Bloomfield
1102,4800 Liberty Avenue,Pittsburgh,Bloomfield
1103,4826 Liberty Avenue,Pittsburgh,Bloomfield
1104,4626 Liberty Avenue,Pittsburgh,Bloomfield
1105,4320 Penn Avenue,Pittsburgh,Central Lawrenceville
1106,4117 Penn Avenue,Pittsburgh,Central Lawrenceville
1107,378 South Negley Avenue,Pittsburgh,Friendship
1108,5440 Centre Ave,Pittsburgh,Shadyside
1109,5135 Liberty Avenue,Pittsburgh,Bloomfield
1111,4736 Friendship Avenue,Pittsburgh,Bloomfield
1112,4753 Liberty Avenue,Pittsburgh,Bloomfield
1113,6348 Centre Ave,Pittsburgh,East Liberty
1114,5932 Centre Ave,Pittsburgh,Shadyside
1115,6701 Frankstown Avenue,Pittsburgh,Homewood West
1116,7240 Fleury Way,Pittsburgh,Homewood South
1117,5005 Friendship Avenue,Pittsburgh,Bloomfield
1118,220 North Highland Avenue,Pittsburgh,East Liberty
1119,211 North Whitfield Street,Pittsburgh,East Liberty
1120,402 North Beatty Street,Pittsburgh,East Liberty
1121,223 North Highland Avenue,Pittsburgh,East Liberty
1122,5140 Friendship Avenue,Pittsburgh,Bloomfield
1123,218 South Graham Street,Pittsburgh,Friendship
1124,4512 Penn Avenue,Pittsburgh,Central Lawrenceville
1125,3339 Penn Avenue,Pittsburgh,Lower Lawrenceville
1127,3234 Penn Avenue,Pittsburgh,Strip District
1128,3836 Penn Avenue,Pittsburgh,Lower Lawrenceville
1129,1437 North Saint Clair Street,Pittsburgh,Highland Park
1130,128 North Highland Avenue,Pittsburgh,East Liberty
1131,715 North Highland Avenue,Pittsburgh,East Liberty
1132,5910 Harvard Street,Pittsburgh,East Liberty
1133,3836 Penn Avenue,Pittsburgh,Lower Lawrenceville
1134,1001 North Negley Avenue,Pittsburgh,Highland Park
1136,161 North Euclid Avenue,Pittsburgh,East Liberty
1137,6378 Centre Ave,Pittsburgh,East Liberty
1138,125 South Beatty Street,Pittsburgh,East Liberty
1139,217 North Highland Avenue,Pittsburgh,East Liberty
1140,5309 Hillcrest Street,Pittsburgh,Garfield
1141,211 North Whitfield Street,Pittsburgh,East Liberty
1142,4445 Howley Street,Pittsburgh,Bloomfield
1143,200 South Winebiddle Street,Pittsburgh,Bloomfield
1144,4420 Penn Avenue,Pittsburgh,Bloomfield
1145,4627 Liberty Avenue,Pittsburgh,Bloomfield
1146,4759 Liberty Avenue,Pittsburgh,Bloomfield
1147,5260 Centre Ave,Pittsburgh,Shadyside
1148,4761 Liberty Avenue,Pittsburgh,Bloomfield
1150,5455 Penn Avenue,Pittsburgh,Garfield
1151,5437 Penn Avenue,Pittsburgh,Garfield
1152,5461 Penn Avenue,Pittsburgh,Friendship
1153,5501 Penn Avenue,Pittsburgh,Garfield
1154,17 West Cherryhill Street,Pittsburgh,Carrick
1155,6009 Broad Street,Pittsburgh,East Liberty
1156,5401 Penn Avenue,Pittsburgh,Garfield
1157,6033 Broad Street,Pittsburgh,East Liberty
1158,2434 Brownsville Rd,Pittsburgh,Carrick
1159,6006 Broad Street,Pittsburgh,East Liberty
1160,1748 Chislett Street,Pittsburgh,Morningside
1161,1740 Chislett Street,Pittsburgh,Morningside
1163,6033 Broad Street,Pittsburgh,East Liberty
1165,6012 Broad Street,Pittsburgh,East Liberty
1166,4200 Penn Avenue,Pittsburgh,Bloomfield
1167,6117 Broad Street,Pittsburgh,East Liberty
1168,5255 Butler Street,Pittsburgh,Upper Lawrenceville
1169,4104 Butler Street,Pittsburgh,Central Lawrenceville
1170,5302 Butler Street,Pittsburgh,Upper Lawrenceville
1171,3811 Butler Street,Pittsburgh,Lower Lawrenceville
1173,5208 Butler Street,Pittsburgh,Upper Lawrenceville
1174,7232 Ballard Way,Pittsburgh,Morningside
1175,7331 Butler Street,Pittsburgh,Morningside
1176,4617 Butler Street,Pittsburgh,Central Lawrenceville
1177,4021 Butler Street,Pittsburgh,Central Lawrenceville
1178,3601 Butler Street,Pittsburgh,Lower Lawrenceville
1179,4429 Stanton Avenue,Pittsburgh,Stanton Heights
1180,5170 Butler Street,Pittsburgh,Upper Lawrenceville
1181,4110 Butler Street,Pittsburgh,Central Lawrenceville
1182,3400 Penn Avenue,Pittsburgh,Lower Lawrenceville
1183,4931 Butler Street,Pittsburgh,Central Lawrenceville
1184,3701 Butler Street,Pittsburgh,Lower Lawrenceville
1185,4434 Butler Street,Pittsburgh,Central Lawrenceville
1186,3427 Butler Street,Pittsburgh,Lower Lawrenceville
1187,4751 Butler Street,Pittsburgh,Central Lawrenceville
1188,4901 Butler Street,Pittsburgh,Central Lawrenceville
1189,4001 Butler Street,Pittsburgh,Lower Lawrenceville
1190,5232 Butler Street,Pittsburgh,Upper Lawrenceville
1191,4701 Butler Street,Pittsburgh,Central Lawrenceville
1192,4113 Butler Street,Pittsburgh,Central Lawrenceville
1193,229 40th Street,Pittsburgh,Lower Lawrenceville
1194,4929 Butler Street,Pittsburgh,Central Lawrenceville
1195,3601 Butler Street,Pittsburgh,Lower Lawrenceville
1196,5240 Butler Street,Pittsburgh,Upper Lawrenceville
1197,5140 Butler Street,Pittsburgh,Upper Lawrenceville
1198,4900 Liberty Avenue,Pittsburgh,Bloomfield
1199,5401 Butler Street,Pittsburgh,Upper Lawrenceville
1201,5245 Centre Ave,Pittsburgh,Shadyside
1202,5272 Butler Street,Pittsburgh,Upper Lawrenceville
1203,3495 Butler Street,Pittsburgh,Lower Lawrenceville
1204,3508 Butler Street,Pittsburgh,Lower Lawrenceville
1205,3820 Butler Street,Pittsburgh,Lower Lawrenceville
1206,3411 Butler Street,Pittsburgh,Lower Lawrenceville
1207,3533 Butler Street,Pittsburgh,Lower Lawrenceville
1208,5123 Butler Street,Pittsburgh,Upper Lawrenceville
1209,3720 Butler Street,Pittsburgh,Lower Lawrenceville
1210,4303 Butler Street,Pittsburgh,Central Lawrenceville
1211,3520 Butler Street,Pittsburgh,Lower Lawrenceville
1212,5215 Centre Ave,Pittsburgh,Bloomfield
1213,801 North Highland Avenue,Pittsburgh,Highland Park
1214,4407 Butler Street,Pittsburgh,Central Lawrenceville
1215,3480 Butler Street,Pittsburgh,Lower Lawrenceville
1216,3418 Penn Avenue,Pittsburgh,Lower Lawrenceville
1217,4635 Butler Street,Pittsburgh,Central Lawrenceville
1218,5155 Butler Street,Pittsburgh,Upper Lawrenceville
1219,5601 Butler Street,Pittsburgh,Upper Lawrenceville
1220,5517 Butler Street,Pittsburgh,Upper Lawrenceville
1221,4020 Butler Street,Pittsburgh,Central Lawrenceville
1222,5105 Butler Street,Pittsburgh,Upper Lawrenceville
1223,4601 Butler Street,Pittsburgh,Central Lawrenceville
1224,4328 Butler Street,Pittsburgh,Central Lawrenceville
1225,800 North Highland Avenue,Pittsburgh,East Liberty
1226,4811 Butler Street,Pittsburgh,Central Lawrenceville
1227,524 North Homewood Avenue,Pittsburgh,Homewood South
1228,551 North Homewood Avenue,Pittsburgh,Homewood South
1229,601 North Homewood Avenue,Pittsburgh,Homewood South
1230,551 North Homewood Avenue,Pittsburgh,Homewood South
1231,531 North Homewood Avenue,Pittsburgh,Homewood South
1232,517 North Homewood Avenue,Pittsburgh,Homewood South
1233,601 North Homewood Avenue,Pittsburgh,Homewood South
1234,536 North Homewood Avenue,Pittsburgh,Homewood South
1235,722 Ivy Street,Pittsburgh,Shadyside
1236,5521 Walnut Street,Pittsburgh,Shadyside
1238,5534 Walnut Street,Pittsburgh,Shadyside
1239,5401 Walnut Street,Pittsburgh,Shadyside
1240,714 Culloden Way,Pittsburgh,Shadyside
1241,811 South Aiken Avenue,Pittsburgh,Shadyside
1242,5508 Walnut Street,Pittsburgh,Shadyside
1243,5431 Walnut Street,Pittsburgh,Shadyside
1244,727 Ivy Street,Pittsburgh,Shadyside
1245,5405 Fifth Avenue,Pittsburgh,Shadyside
1246,806 Ivy Street,Pittsburgh,Shadyside
1247,739 Bellefonte Street,Pittsburgh,Shadyside
1248,5433 Walnut Street,Pittsburgh,Shadyside
1249,714 Culloden Way,Pittsburgh,Shadyside
1250,5442 Walnut Street,Pittsburgh,Shadyside
1251,5501 Walnut Street,Pittsburgh,Shadyside
1252,5413 Walnut Street,Pittsburgh,Shadyside
1253,5513 Walnut Street,Pittsburgh,Shadyside
1254,5434 Walnut Street,Pittsburgh,Shadyside
1255,5426 Walnut Street,Pittsburgh,Shadyside
1256,731 Filbert Street,Pittsburgh,Shadyside
1257,5527 Walnut Street,Pittsburgh,Shadyside
1258,5411 Walnut Street,Pittsburgh,Shadyside
1259,5436 Walnut Street,Pittsburgh,Shadyside
1260,806 Ivy Street,Pittsburgh,Shadyside
1261,5421 Walnut Street,Pittsburgh,Shadyside
1262,731 South Aiken Avenue,Pittsburgh,Shadyside
1263,5443 Walnut Street,Pittsburgh,Shadyside
1264,5541 Walnut Street,Pittsburgh,Shadyside
1265,Urn Way,Pittsburgh,Shadyside
1266,736 Bellefonte Street,Pittsburgh,Shadyside
1267,816 Ivy Street,Pittsburgh,Shadyside
1268,6579 English Lane,Pittsburgh,Squirrel Hill South
1269,Frick Park,Pittsburgh,Squirrel Hill South
1270,2005 Blue Slide Park,Pittsburgh,Squirrel Hill South
1271,2005 Blue Slide Park,Pittsburgh,Squirrel Hill South
1272,155 Blue Slide Park,Pittsburgh,Squirrel Hill South
1273,Frick Park,Pittsburgh,Squirrel Hill South
1274,Jays Short Cut Trail,Pittsburgh,Squirrel Hill South
1275,269 Riverview Trail,Pittsburgh,Squirrel Hill South
1276,269 Riverview Trail,Pittsburgh,Squirrel Hill South
1277,Riverview Trail,Pittsburgh,Squirrel Hill South
1278,611 South Braddock Avenue,Pittsburgh,Regent Square
1279,Forbes and Braddock Playground,Pittsburgh,Regent Square
1280,Forbes and Braddock Playground,Pittsburgh,Regent Square
1281,707 South Braddock Avenue,Pittsburgh,Regent Square
1282,7500 Henrietta Street,Pittsburgh,Regent Square
1283,1100 Lancaster Avenue,Pittsburgh,Regent Square
1284,Sanders Street,Pittsburgh,Regent Square
1285,7300 Hutchinson Street,Pittsburgh,Squirrel Hill South
1286,1200 Trevanion Avenue,Pittsburgh,Squirrel Hill South
1287,Nine Mile Run,Pittsburgh,Squirrel Hill South
1288,Falls Ravine Trail,Pittsburgh,Squirrel Hill South
1289,829 Milton Street,Pittsburgh,Squirrel Hill South
1290,Allenby Way,Pittsburgh,
1291,1220 Commercial Street,Pittsburgh,Swisshelm Park
1292,Commercial Street,Pittsburgh,Squirrel Hill South
1293,Commercial Street,Pittsburgh,Squirrel Hill South
1294,326 South Homewood Avenue,Pittsburgh,Point Breeze
1295,Homewood Trail Entrance,Pittsburgh,Point Breeze
1296,Reynolds St,Pittsburgh,Point Breeze
1297,Reynolds St,Pittsburgh,Point Breeze
1298,7416 Hawthorne Trail,Pittsburgh,Point Breeze
1299,549 Richland Lane,Pittsburgh,Point Breeze
1300,5655 Solway Street,Pittsburgh,Squirrel Hill North
1301,2024 Beechwood Boulevard,Pittsburgh,Squirrel Hill South
1302,912 North Braddock Avenue,Pittsburgh,Homewood North
1303,1339 Our Way,Pittsburgh,Central Business District
1304,110 Bakery Square Boulevard,Pittsburgh,Shadyside
1305,6519 Penn Avenue,Pittsburgh,Shadyside
1308,155 Larimer Avenue,Pittsburgh,East Liberty
1309,6248 Kalida Drive,Pittsburgh,East Liberty
1310,106 Larimer Avenue,Pittsburgh,East Liberty
1311,345 Omega Court,Pittsburgh,East Liberty
1312,6262 East Liberty Boulevard,Pittsburgh,East Liberty
1313,337 Princeton Place,Pittsburgh,East Liberty
1314,6248 Station Street,Pittsburgh,East Liberty
1315,6265 Kalida Drive,Pittsburgh,East Liberty
1316,3629 Butler Street,Pittsburgh,Lower Lawrenceville
1317,3600 Butler Street,Pittsburgh,Lower Lawrenceville
1318,1326 Wightman Street,Pittsburgh,Squirrel Hill North
1319,6526 Living Place,Pittsburgh,Shadyside
1320,5637 Solway Street,Pittsburgh,Squirrel Hill North
1321,6515 Penn Avenue,Pittsburgh,Shadyside
1322,5637 Solway Street,Pittsburgh,Squirrel Hill North
1323,803 Ernie Street,Pittsburgh,Elliott
1324,803 Ernie Street,Pittsburgh,Elliott
1325,3701 Forbes Ave,Pittsburgh,Central Oakland
1326,3721 Forbes Ave,Pittsburgh,Central Oakland
1327,3600 Forbes Ave,Pittsburgh,Central Oakland
1328,3701 Forbes Ave,Pittsburgh,Central Oakland
1329,175 Granville Street,Pittsburgh,Crawford-Roberts
1330,175 Granville Street,Pittsburgh,Crawford-Roberts
1331,1796 Mcbride Street,Pittsburgh,Lincoln Place
1332,1796 Mcbride Street,Pittsburgh,Lincoln Place
1333,1796 Mcbride Street,Pittsburgh,Lincoln Place
1334,1796 Mcbride Street,Pittsburgh,Lincoln Place
1335,300 Larimer Avenue,Pittsburgh,Larimer
1336,25 Meadow Street,Pittsburgh,Larimer
1337,6525 Meadow Street,Pittsburgh,Larimer
1338,722 Larimer Avenue,Pittsburgh,Larimer
1339,160 Meadow Street,Pittsburgh,Larimer
